project_id,location,region,building_type,house_type,area_m2,gross_area_m2,project_area_m2,bedrooms,floors,finishing,foundation_type,wall_type,roof_type,source_type,quality_tier,source_year,design_family,project_quality,ml_role,independent_design_sample,training_candidate,cement_bags,sand_m3,aggregate_m3,blocks_pcs,steel_kg,roofing_m2,hardcore_m2,target_count,has_any_natural_target,usable_for_mvp
BAGAMOYO_RES_BOQ_2019_001,"Bagamoyo, Coast Region, Tanzania",Bagamoyo,Residential building,Residential building,,,,,,,,,,secondary_public_boq_copy,B,2019.0,UNKNOWN,B,secondary_candidate,True,True,,,,,8172.0,,,1,True,True
BUTIAMA_STAFFHOUSE_001,"Butiama District, Mara",Mara,Staff house,Rural type two-bedroom 3-in-1 staff house,165.0,165.0,165.0,2.0,1.0,,Not stated in extracted page,Cement/concrete block,Not stated in extracted page,official_mof_boq_scan,A,2021.0,STAFFHOUSE_165_2BR_3IN1,A,candidate_family_member_partial,False,True,,,,,,,,0,False,False
DAR_MABWEPANDE_RES_001,"Mabwepande, Dar es Salaam, Tanzania","Mabwepande, Dar es Salaam, Tanzania",Residential house,Residential house,120.0,,,,,"Internal/external plastering, paint, ceramic floor tiles and wall tiles",Foundation trench excavation,,Concrete roof slab,Secondary public BOQ copy,B,,UNKNOWN,B,secondary_candidate,True,True,,,,,,,,0,False,False
DODOMA_RES_128M2_MAYAI_001,"Dodoma, Tanzania",Dodoma,Residential house,Residential house,128.0,128.0,128.0,,,,,,,secondary_public_material_schedule,B,2023.0,UNKNOWN,B,secondary_candidate,True,True,40.370000000000005,3.3,3.3,1876.0,344.96,119.87,,6,True,True
DOD_RES_001,Dodoma,Dodoma,Residential house,Residential house,128.0,,,,,"High quality; porcelain floor tiles, ceramic wall tiles, internal/external plastering, painting",Strip foundation trenches + column pits,,Pitched roof with corrugated roofing sheets,Secondary BOQ,B,,UNKNOWN,B,secondary_candidate,True,True,145.46,13.96,5.35,2674.0,344.96,119.87,,6,True,True
KWIMBA_STAFFHOUSE_2IN1_001,Kwimba District Headquarters,Mwanza,Staff house,Two-in-one staff house,,,,,,,Not stated,Hyddraform + solid cement/sand blocks,IT6 sheets,official_district_tender,A,2017.0,KWIMBA_2IN1,A,work_item_candidate,True,False,,,,,,,,0,False,False
MAWENI_RRH_STAFFHOUSE_001,"Maweni RRH, Kigoma",Kigoma,Staff house,Regional Referral Hospital staff house,,,,,,,Concrete foundation / plinth beams,Concrete block walling,28G resin colour-coated IT sheets,real_contract_ipc_boq,B,2022.0,MAWENI_RRH,B,work_item_candidate,True,False,,,,692.0,610.0,,95.0,3,True,False
MBULU_STAFFHOUSE_001,"Mbulu, Manyara, Tanzania",Mbulu,Staff house,Rural type two-bedroom 3-in-1 staff house,165.0,165.0,165.0,2.0,1.0,,,,,official_mof_boq_scan,A,2021.0,STAFFHOUSE_165_2BR_3IN1,A,candidate_family_member,False,True,,,,,747.0,292.0,160.0,3,True,True
MIR_RRH_001,Tanzania,Tanzania,Regional referral hospital EMD block,Regional referral hospital EMD block,,,,,,,,,,Official government BOQ,A,,UNKNOWN,A,institutional_exclude_for_residential_model,True,False,1152.0,,,21639.0,,,,2,True,False
MKALAMA_001,Singida,Singida,Rural type two-bedroom three-in-one staff house,Rural type two-bedroom three-in-one staff house,165.0,165.0,165.0,2.0,1.0,,Reinforced concrete foundation footing; plinth beam,Solid concrete blocks; 230mm and 150mm walls,Timber roof structure with IT5 aluminium/resin-coated sheets,Source-supplied BOQ,,2021.0,STAFFHOUSE_165_2BR_3IN1,source_supplied,candidate_family_member,False,True,,35.0,,,1563.0,292.0,160.0,4,True,True
MOROGORO_RRH_93_001,Morogoro,Morogoro,Staff House,Staff House,93.0,93.0,93.0,,,,Strip foundation; Grade 15 plain concrete,6-inch cement & sand blocks,Timber roof structure; 28G resin-coated roofing sheets,Source-supplied BOQ,,2018.0,UNKNOWN,source_supplied,candidate_incomplete_features,True,True,301.0,36.0,25.0,2753.0,,,,4,True,True
MOR_NIC_001,Morogoro,Morogoro,Residential house rehabilitation,Residential house rehabilitation,,,,,,,,,,Secondary copy of NIC tender BOQ,B,,UNKNOWN,B,rehabilitation_exclude_for_newbuild,True,False,,,,,,205.0,,1,True,False
MPWAPWA_STAFFHOUSE_001,"Mpwapwa, Dodoma, Tanzania",Mpwapwa,Staff house,Urban type two-bedroom 3-in-1 staff house,165.0,165.0,165.0,2.0,1.0,,,,,official_mof_boq_scan,A,2021.0,STAFFHOUSE_165_2BR_3IN1,A,candidate_family_member,False,True,,,,,1321.0,292.0,150.0,3,True,True
MWANDU_RES_001,Not stated,Not stated,Residential building,Proposed residential house,,,,,1.0,,Strip foundation,Cement & sand block,Corrugated iron sheet,residential_material_schedule,B,2024.0,UNKNOWN,B,secondary_candidate,True,True,228.0,41.0,15.0,4800.0,,,,4,True,True
NJOMBE_RRH_STAFFHOUSE_001,"Njombe, Tanzania",Njombe,Staff house,Staff house,,,,,,,,,,official_moh_contract_schedule,A,2022.0,UNKNOWN,A,work_item_only,True,False,,,,,4071.0,,244.0,2,True,False
SEQUIP_STD_2IN1_175M2_001,Tanzania Mainland,Tanzania Mainland,Staff house,2-in-1 three-bedroom staff house,175.0,175.0,175.0,3.0,1.0,,,,,official_standard_schedule,A,2023.0,SEQUIP_STD_175_2IN1_3BR,A,standard_reference,False,False,323.0,58.0,40.0,5924.0,,,,4,True,False
STAFFHOUSE_172_001,,,Three-bedroom semi-detached staff house (standard design),Three-bedroom semi-detached staff house (standard design),172.0,172.0,172.0,3.0,1.0,,Strip foundation with grade 15 concrete; plinth beam grade 20,"6-inch cement and sand blocks, minimum 3.5 MPa",Timber roof structure with 28G IT5 resin-coated sheets,Source-supplied BOQ,,2022.0,STAFFHOUSE_172_STD,source_supplied,standard_family_reference,False,False,522.0,100.0,46.0,5924.0,,,,4,True,False
STD_STAFF_QUARTER_118,Tanzania Mainland,Tanzania,Staff quarter,Official standard staff quarter,118.0,118.0,118.0,,1.0,,Strip foundation,Cement & sand block,28G resincoated sheet,official_standard_schedule,A,2018.0,STAFF_QUARTER_118_STD,A,standard_reference,False,False,371.0,54.0,33.0,3836.0,,,,4,True,False
SUM_RUKWA_001,Rukwa,Rukwa,Classroom block and office,Classroom block and office,,,,,,,,,,Official procurement quotation,A,,UNKNOWN,A,institutional_exclude_for_residential_model,True,False,,,713.0,13016.0,,,,2,True,False
WHI_MIKOCHENI_001,Dar es Salaam,Dar es Salaam,Affordable public-servant residential apartments,Affordable public-servant residential apartments,,,,,,,,,,Official Tanzania public tender BOQ,A,,UNKNOWN,A,multiunit_residential_reference,True,False,,,,,,,769.0,1,True,False
ZAN_PEMBA_RES_001,"Wambaa, Pemba, Zanzibar, Tanzania","Wambaa, Pemba, Zanzibar, Tanzania",Residential building,Residential building,90.0,,,,2.0,"Plaster/rendering, ceramic wall and floor tiles, paint, screed",Strip foundation / foundation pit works,,Pitched roof,Secondary public copy of BOQ prepared by PST Construction and Consultancy Company Limited,B,,UNKNOWN,B,secondary_candidate,True,True,,,,,,,,0,False,False
