material,category,specification,unit,region,price_tsh,supplier,source,source_type,date_collected,confidence,observation_count,price_status,quality_tier,data_role
Cement 32.5N,cement,32.5N 50 kg,50kg_bag,Mwanza,17500,,Zanzibaba Material Price Index,market_price_index,2026-09-03,75.0,1,current_observation,A_market_index,current_price_reference
Cement 42.5N,cement,42.5N 50 kg,50kg_bag,Mwanza,18800,,Zanzibaba Material Price Index,market_price_index,2026-09-03,75.0,1,current_observation,A_market_index,current_price_reference
Cement 52.5N,cement,52.5N 50 kg,50kg_bag,Mwanza,23200,,Zanzibaba Material Price Index,market_price_index,2026-09-03,75.0,1,current_observation,A_market_index,current_price_reference
White Cement,cement,white 25 kg,25kg_bag,Mwanza,58000,,Zanzibaba Material Price Index,market_price_index,2026-09-03,75.0,1,current_observation,A_market_index,current_price_reference
Binding Wire,rebar_accessory,1.6 mm x 25 kg,roll_25kg,Mwanza,81000,,Zanzibaba Material Price Index,market_price_index,2026-09-03,75.0,1,current_observation,A_market_index,current_price_reference
Y8 Deformed Rebar,steel,Y8 x 12 m,piece,Mwanza,8400,,Zanzibaba Material Price Index,market_price_index,2026-09-03,75.0,1,current_observation,A_market_index,current_price_reference
Y10 Deformed Rebar,steel,Y10 x 12 m,piece,Mwanza,13100,,Zanzibaba Material Price Index,market_price_index,2026-09-03,75.0,1,current_observation,A_market_index,current_price_reference
Y12 Deformed Rebar,steel,Y12 x 12 m,piece,Mwanza,19000,,Zanzibaba Material Price Index,market_price_index,2026-09-03,75.0,1,current_observation,A_market_index,current_price_reference
Y16 Deformed Rebar,steel,Y16 x 12 m,piece,Mwanza,33200,,Zanzibaba Material Price Index,market_price_index,2026-09-03,75.0,1,current_observation,A_market_index,current_price_reference
Y20 Deformed Rebar,steel,Y20 x 12 m,piece,Mwanza,52000,,Zanzibaba Material Price Index,market_price_index,2026-09-03,75.0,1,current_observation,A_market_index,current_price_reference
Y25 Deformed Rebar,steel,Y25 x 12 m,piece,Mwanza,81000,,Zanzibaba Material Price Index,market_price_index,2026-09-03,75.0,1,current_observation,A_market_index,current_price_reference
Y32 Deformed Rebar,steel,Y32 x 12 m,piece,Mwanza,136000,,Zanzibaba Material Price Index,market_price_index,2026-09-03,75.0,1,current_observation,A_market_index,current_price_reference
Hardcore,aggregate,200 mm rubble,tonne,Mwanza,36000,,Zanzibaba Material Price Index,market_price_index,2026-09-03,75.0,1,current_observation,A_market_index,current_price_reference
River Sand,sand,coarse river sand,tonne,Mwanza,44000,,Zanzibaba Material Price Index,market_price_index,2026-09-03,75.0,1,current_observation,A_market_index,current_price_reference
Ballast 20 mm,aggregate,20 mm crushed stone,tonne,Mwanza,65000,,Zanzibaba Material Price Index,market_price_index,2026-09-03,75.0,1,current_observation,A_market_index,current_price_reference
Hollow Block 6 inch,masonry,150 mm hollow cement,piece,Mwanza,1850,,Zanzibaba Material Price Index,market_price_index,2026-09-03,75.0,1,current_observation,A_market_index,current_price_reference
Hollow Block 9 inch,masonry,225 mm hollow cement,piece,Mwanza,2380,,Zanzibaba Material Price Index,market_price_index,2026-09-03,75.0,1,current_observation,A_market_index,current_price_reference
Solid Block 6 inch,masonry,150 mm solid cement,piece,Mwanza,2150,,Zanzibaba Material Price Index,market_price_index,2026-09-03,75.0,1,current_observation,A_market_index,current_price_reference
Burnt Clay Brick,masonry,230x110x75 mm,piece,Mwanza,430,,Zanzibaba Material Price Index,market_price_index,2026-09-03,75.0,1,current_observation,A_market_index,current_price_reference
Stabilised Soil Block,masonry,290x140x100 mm,piece,Mwanza,710,,Zanzibaba Material Price Index,market_price_index,2026-09-03,75.0,1,current_observation,A_market_index,current_price_reference
Ceramic Floor Tile 60x60 cm,tiles,60x60 cm glazed,m2,Mwanza,20500,,Zanzibaba Material Price Index,market_price_index,2026-09-03,75.0,1,current_observation,A_market_index,current_price_reference
Tile Adhesive (25 kg),tiles,C1T adhesive 25 kg,bag,Mwanza,23500,,Zanzibaba Material Price Index,market_price_index,2026-09-03,75.0,1,current_observation,A_market_index,current_price_reference
Interior Emulsion (20 L),paint,matte emulsion,tin,Mwanza,102000,,Zanzibaba Material Price Index,market_price_index,2026-09-03,75.0,1,current_observation,A_market_index,current_price_reference
Cypress 4x2 (3 m),timber,Cypress 4x2 x 3 m,piece,Mwanza,12300,,Zanzibaba Material Price Index,market_price_index,2026-09-03,75.0,1,current_observation,A_market_index,current_price_reference
Casement Aluminium Window,aluminium,casement single glazed,m2,Mwanza,330000,,Zanzibaba Material Price Index,market_price_index,2026-09-03,75.0,1,current_observation,A_market_index,current_price_reference
OPC 42.5N Cement,cement,42.5N 50 kg,50kg_bag,Dar es Salaam,27500,Karibu Cement Ltd,Albertdeo Marketplace,supplier_marketplace,2026-09-02,,1,current_listing,B_supplier_listing,current_price_reference
Twiga Cement 50kg,cement,50 kg,50kg_bag,Dar es Salaam,26800,Karibu Cement Ltd,Albertdeo Marketplace,supplier_marketplace,2026-09-02,,1,current_listing,B_supplier_listing,current_price_reference
River Sand,sand,river sand,tonne,Dar es Salaam,82000,Karibu Cement Ltd,Albertdeo Marketplace,supplier_marketplace,2026-09-02,,1,current_listing,B_supplier_listing,current_price_reference
Crushed Aggregate 20mm,aggregate,20 mm crushed aggregate,tonne,Dar es Salaam,92000,Karibu Cement Ltd,Albertdeo Marketplace,supplier_marketplace,2026-09-02,,1,current_listing,B_supplier_listing,current_price_reference
Steel Y12 Deformed Bars,steel,Y12,piece,Dar es Salaam,2150,Karibu Cement Ltd,Albertdeo Marketplace,supplier_marketplace,2026-09-02,,1,current_listing,B_supplier_listing,current_price_reference
Concrete Blocks 6 inch,masonry,6 inch,piece,Dar es Salaam,1450,Karibu Cement Ltd,Albertdeo Marketplace,supplier_marketplace,2026-09-02,,1,current_listing,B_supplier_listing,current_price_reference
Twiga Cement Plus 50kg,cement,50 kg,50kg_bag,Mwanza,18501,BuildRight Materials,Albertdeo Marketplace,supplier_marketplace,2026-09-02,,1,current_listing,B_supplier_listing,current_price_reference
Lake Victoria Sand,sand,Lake Victoria sand,tonne,Mwanza,80000,BuildRight Materials,Albertdeo Marketplace,supplier_marketplace,2026-09-02,,1,current_listing,B_supplier_listing,current_price_reference
Steel Y16 Deformed Bars,steel,Y16,kg,Mwanza,2350,BuildRight Materials,Albertdeo Marketplace,supplier_marketplace,2026-09-02,,1,current_listing,B_supplier_listing,current_price_reference
Concrete Blocks 9 inch,masonry,9 inch,piece,Mwanza,2100,BuildRight Materials,Albertdeo Marketplace,supplier_marketplace,2026-09-02,,1,current_listing,B_supplier_listing,current_price_reference
Bulk Cement 42.5N,cement,OPC 42.5N bulk,tonne,Mwanza,365000,,Zanzibaba Material Price Index | https://hub.zanzibaba.com/prices?region=MWZ,market_price_index,2026-09-04,75.0,1,current_observation,A_market_index,current_price_reference
BRC Mesh A98,brc_mesh,A98 (5 mm x 200 mm),sheet,Mwanza,43500,,Zanzibaba Material Price Index | https://hub.zanzibaba.com/prices?region=MWZ,market_price_index,2026-09-04,75.0,1,current_observation,A_market_index,current_price_reference
BRC Mesh A142,brc_mesh,A142 (6 mm x 200 mm),sheet,Mwanza,64500,,Zanzibaba Material Price Index | https://hub.zanzibaba.com/prices?region=MWZ,market_price_index,2026-09-04,75.0,1,current_observation,A_market_index,current_price_reference
BRC Mesh A193,brc_mesh,A193 (7 mm x 200 mm),sheet,Mwanza,87000,,Zanzibaba Material Price Index | https://hub.zanzibaba.com/prices?region=MWZ,market_price_index,2026-09-04,75.0,1,current_observation,A_market_index,current_price_reference
BRC Mesh A252,brc_mesh,A252 (8 mm x 200 mm),sheet,Mwanza,117000,,Zanzibaba Material Price Index | https://hub.zanzibaba.com/prices?region=MWZ,market_price_index,2026-09-04,75.0,1,current_observation,A_market_index,current_price_reference
BRC Mesh A393,brc_mesh,A393 (10 mm x 200 mm),sheet,Mwanza,175000,,Zanzibaba Material Price Index | https://hub.zanzibaba.com/prices?region=MWZ,market_price_index,2026-09-04,75.0,1,current_observation,A_market_index,current_price_reference
Ready-mix Concrete C20,concrete,C20 (20 MPa),m3,Mwanza,300000,,Zanzibaba Material Price Index | https://hub.zanzibaba.com/prices?region=MWZ,market_price_index,2026-09-04,75.0,1,current_observation,A_market_index,current_price_reference
Ready-mix Concrete C25,concrete,C25 (25 MPa),m3,Mwanza,325000,,Zanzibaba Material Price Index | https://hub.zanzibaba.com/prices?region=MWZ,market_price_index,2026-09-04,75.0,1,current_observation,A_market_index,current_price_reference
Ready-mix Concrete C30,concrete,C30 (30 MPa),m3,Mwanza,355000,,Zanzibaba Material Price Index | https://hub.zanzibaba.com/prices?region=MWZ,market_price_index,2026-09-04,75.0,1,current_observation,A_market_index,current_price_reference
Ready-mix Concrete C35,concrete,C35 (35 MPa),m3,Mwanza,390000,,Zanzibaba Material Price Index | https://hub.zanzibaba.com/prices?region=MWZ,market_price_index,2026-09-04,75.0,1,current_observation,A_market_index,current_price_reference
Ballast 14 mm,aggregate,14 mm crushed stone,tonne,Mwanza,67000,,Zanzibaba Material Price Index | https://hub.zanzibaba.com/prices?region=MWZ,market_price_index,2026-09-04,75.0,1,current_observation,A_market_index,current_price_reference
Plaster Sand,sand,fine washed sand,tonne,Mwanza,48000,,Zanzibaba Material Price Index | https://hub.zanzibaba.com/prices?region=MWZ,market_price_index,2026-09-04,75.0,1,current_observation,A_market_index,current_price_reference
Stone Dust,aggregate,<6 mm quarry dust,tonne,Mwanza,33000,,Zanzibaba Material Price Index | https://hub.zanzibaba.com/prices?region=MWZ,market_price_index,2026-09-04,75.0,1,current_observation,A_market_index,current_price_reference
AAC Aerated Block,masonry,AAC 600x200x200 mm,piece,Mwanza,5050,,Zanzibaba Material Price Index | https://hub.zanzibaba.com/prices?region=MWZ,market_price_index,2026-09-04,75.0,1,current_observation,A_market_index,current_price_reference
Paving Block 60 mm,pavers,200x100x60 mm interlocking,piece,Mwanza,910,,Zanzibaba Material Price Index | https://hub.zanzibaba.com/prices?region=MWZ,market_price_index,2026-09-04,75.0,1,current_observation,A_market_index,current_price_reference
Corrugated Sheet 0.3 mm,roofing,0.3 mm galvanised corrugated,linear_m,Mwanza,5350,,Zanzibaba Material Price Index | https://hub.zanzibaba.com/prices?region=MWZ,market_price_index,2026-09-04,75.0,1,current_observation,A_market_index,current_price_reference
IBR Sheet 0.4 mm,roofing,0.4 mm galvanised IBR,linear_m,Mwanza,7200,,Zanzibaba Material Price Index | https://hub.zanzibaba.com/prices?region=MWZ,market_price_index,2026-09-04,75.0,1,current_observation,A_market_index,current_price_reference
IBR Sheet 0.5 mm,roofing,0.5 mm galvanised IBR,linear_m,Mwanza,9000,,Zanzibaba Material Price Index | https://hub.zanzibaba.com/prices?region=MWZ,market_price_index,2026-09-04,75.0,1,current_observation,A_market_index,current_price_reference
Ridge Cap 2 m,roofing,0.5 mm x 2 m,piece,Mwanza,10300,,Zanzibaba Material Price Index | https://hub.zanzibaba.com/prices?region=MWZ,market_price_index,2026-09-04,75.0,1,current_observation,A_market_index,current_price_reference
Roofing Nails 25 kg,roofing_accessory,75 mm twisted shank,box_25kg,Mwanza,69000,,Zanzibaba Material Price Index | https://hub.zanzibaba.com/prices?region=MWZ,market_price_index,2026-09-04,75.0,1,current_observation,A_market_index,current_price_reference
Stone-coated Roof Tile Sheet,roofing,1340x420 mm,sheet,Mwanza,27800,,Zanzibaba Material Price Index | https://hub.zanzibaba.com/prices?region=MWZ,market_price_index,2026-09-04,75.0,1,current_observation,A_market_index,current_price_reference
Ceramic Floor Tile 30x30 cm,tiles,30x30 cm matte,m2,Mwanza,17500,,Zanzibaba Material Price Index | https://hub.zanzibaba.com/prices?region=MWZ,market_price_index,2026-09-04,75.0,1,current_observation,A_market_index,current_price_reference
Porcelain Tile 60x60 cm,tiles,60x60 cm porcelain,m2,Mwanza,30500,,Zanzibaba Material Price Index | https://hub.zanzibaba.com/prices?region=MWZ,market_price_index,2026-09-04,75.0,1,current_observation,A_market_index,current_price_reference
Porcelain Tile 80x80 cm,tiles,80x80 cm porcelain,m2,Mwanza,41500,,Zanzibaba Material Price Index | https://hub.zanzibaba.com/prices?region=MWZ,market_price_index,2026-09-04,75.0,1,current_observation,A_market_index,current_price_reference
Tile Grout (5 kg),tiles,cement grout 5 kg,bag,Mwanza,11800,,Zanzibaba Material Price Index | https://hub.zanzibaba.com/prices?region=MWZ,market_price_index,2026-09-04,75.0,1,current_observation,A_market_index,current_price_reference
Wall Tile 25x40 cm,tiles,25x40 cm glazed wall,m2,Mwanza,16500,,Zanzibaba Material Price Index | https://hub.zanzibaba.com/prices?region=MWZ,market_price_index,2026-09-04,75.0,1,current_observation,A_market_index,current_price_reference
Gloss Oil Paint (4 L),paint,alkyd gloss enamel,tin_4L,Mwanza,37500,,Zanzibaba Material Price Index | https://hub.zanzibaba.com/prices?region=MWZ,market_price_index,2026-09-04,75.0,1,current_observation,A_market_index,current_price_reference
Undercoat Primer (4 L),paint,alkyd undercoat,tin_4L,Mwanza,32500,,Zanzibaba Material Price Index | https://hub.zanzibaba.com/prices?region=MWZ,market_price_index,2026-09-04,75.0,1,current_observation,A_market_index,current_price_reference
Wall Sealer (4 L),paint,acrylic alkali sealer,tin_4L,Mwanza,27500,,Zanzibaba Material Price Index | https://hub.zanzibaba.com/prices?region=MWZ,market_price_index,2026-09-04,75.0,1,current_observation,A_market_index,current_price_reference
Weather-guard Paint (20 L),paint,exterior emulsion,tin_20L,Mwanza,142000,,Zanzibaba Material Price Index | https://hub.zanzibaba.com/prices?region=MWZ,market_price_index,2026-09-04,75.0,1,current_observation,A_market_index,current_price_reference
Wood Stain & Varnish (4 L),paint,oil-based stain + varnish,tin_4L,Mwanza,49000,,Zanzibaba Material Price Index | https://hub.zanzibaba.com/prices?region=MWZ,market_price_index,2026-09-04,75.0,1,current_observation,A_market_index,current_price_reference
Chipboard 18 mm (8x4 ft),timber,18 mm particle board,sheet,Mwanza,63000,,Zanzibaba Material Price Index | https://hub.zanzibaba.com/prices?region=MWZ,market_price_index,2026-09-04,75.0,1,current_observation,A_market_index,current_price_reference
Cypress 2x2 (3 m),timber,Cypress 2x2 x 3 m,piece,Mwanza,8100,,Zanzibaba Material Price Index | https://hub.zanzibaba.com/prices?region=MWZ,market_price_index,2026-09-04,75.0,1,current_observation,A_market_index,current_price_reference
MDF 18 mm (8x4 ft),timber,18 mm MDF,sheet,Mwanza,81000,,Zanzibaba Material Price Index | https://hub.zanzibaba.com/prices?region=MWZ,market_price_index,2026-09-04,75.0,1,current_observation,A_market_index,current_price_reference
Mvule 2x3 (3 m),timber,Mvule 2x3 x 3 m,piece,Mwanza,25500,,Zanzibaba Material Price Index | https://hub.zanzibaba.com/prices?region=MWZ,market_price_index,2026-09-04,75.0,1,current_observation,A_market_index,current_price_reference
Mvule 4x2 (3 m),timber,Mvule 4x2 x 3 m,piece,Mwanza,32500,,Zanzibaba Material Price Index | https://hub.zanzibaba.com/prices?region=MWZ,market_price_index,2026-09-04,75.0,1,current_observation,A_market_index,current_price_reference
Plywood 18 mm (8x4 ft),timber,18 mm marine ply,sheet,Mwanza,124000,,Zanzibaba Material Price Index | https://hub.zanzibaba.com/prices?region=MWZ,market_price_index,2026-09-04,75.0,1,current_observation,A_market_index,current_price_reference
Aluminium Curtain Wall,aluminium,50 mm mullion stick system,m2,Mwanza,660000,,Zanzibaba Material Price Index | https://hub.zanzibaba.com/prices?region=MWZ,market_price_index,2026-09-04,75.0,1,current_observation,A_market_index,current_price_reference
Sliding Aluminium Door,aluminium,double track sliding,m2,Mwanza,365000,,Zanzibaba Material Price Index | https://hub.zanzibaba.com/prices?region=MWZ,market_price_index,2026-09-04,75.0,1,current_observation,A_market_index,current_price_reference
Sliding Aluminium Window,aluminium,2-track sliding single glazed,m2,Mwanza,280000,,Zanzibaba Material Price Index | https://hub.zanzibaba.com/prices?region=MWZ,market_price_index,2026-09-04,75.0,1,current_observation,A_market_index,current_price_reference
Double-Glazed Unit,glass,6-12-6 mm IGU,m2,Mwanza,190000,,Zanzibaba Material Price Index | https://hub.zanzibaba.com/prices?region=MWZ,market_price_index,2026-09-04,75.0,1,current_observation,A_market_index,current_price_reference
Float Glass 4 mm,glass,4 mm clear float,m2,Mwanza,23500,,Zanzibaba Material Price Index | https://hub.zanzibaba.com/prices?region=MWZ,market_price_index,2026-09-04,75.0,1,current_observation,A_market_index,current_price_reference
Float Glass 6 mm,glass,6 mm clear float,m2,Mwanza,37500,,Zanzibaba Material Price Index | https://hub.zanzibaba.com/prices?region=MWZ,market_price_index,2026-09-04,75.0,1,current_observation,A_market_index,current_price_reference
Laminated Glass 6+6 mm,glass,6+6 mm laminated,m2,Mwanza,146000,,Zanzibaba Material Price Index | https://hub.zanzibaba.com/prices?region=MWZ,market_price_index,2026-09-04,75.0,1,current_observation,A_market_index,current_price_reference
Tempered Glass 10 mm,glass,10 mm toughened,m2,Mwanza,127000,,Zanzibaba Material Price Index | https://hub.zanzibaba.com/prices?region=MWZ,market_price_index,2026-09-04,75.0,1,current_observation,A_market_index,current_price_reference
Cement 42.5N,cement,42.5N 50 kg,50kg_bag,Arusha,19000,,Zanzibaba Material Price Index | https://hub.zanzibaba.com/prices?category=CEMENT,market_price_index,2026-09-04,75.0,1,current_observation,A_market_index,current_price_reference
Y8 Deformed Rebar,steel,Y8 x 12 m,piece,Arusha,8500,,Zanzibaba Material Price Index | https://hub.zanzibaba.com/prices?category=REBARS,market_price_index,2026-09-04,75.0,1,current_observation,A_market_index,current_price_reference
Ceramic Floor Tile 30x30 cm,tiles,30x30 cm matte,m2,Arusha,18000,,Zanzibaba Material Price Index | https://hub.zanzibaba.com/prices?category=TILES&region=ARU,market_price_index,2026-09-04,75.0,1,current_observation,A_market_index,current_price_reference
Ceramic Floor Tile 60x60 cm,tiles,60x60 cm glazed,m2,Arusha,21000,,Zanzibaba Material Price Index | https://hub.zanzibaba.com/prices?category=TILES&region=ARU,market_price_index,2026-09-04,75.0,1,current_observation,A_market_index,current_price_reference
Porcelain Tile 60x60 cm,tiles,60x60 cm porcelain,m2,Arusha,31000,,Zanzibaba Material Price Index | https://hub.zanzibaba.com/prices?category=TILES&region=ARU,market_price_index,2026-09-04,75.0,1,current_observation,A_market_index,current_price_reference
Porcelain Tile 80x80 cm,tiles,80x80 cm porcelain,m2,Arusha,42000,,Zanzibaba Material Price Index | https://hub.zanzibaba.com/prices?category=TILES&region=ARU,market_price_index,2026-09-04,75.0,1,current_observation,A_market_index,current_price_reference
Tile Adhesive (25 kg),tiles,C1T adhesive 25 kg,bag,Arusha,24000,,Zanzibaba Material Price Index | https://hub.zanzibaba.com/prices?category=TILES&region=ARU,market_price_index,2026-09-04,75.0,1,current_observation,A_market_index,current_price_reference
Tile Grout (5 kg),tiles,cement grout 5 kg,bag,Arusha,12000,,Zanzibaba Material Price Index | https://hub.zanzibaba.com/prices?category=TILES&region=ARU,market_price_index,2026-09-04,75.0,1,current_observation,A_market_index,current_price_reference
Wall Tile 25x40 cm,tiles,25x40 cm glazed wall,m2,Arusha,17000,,Zanzibaba Material Price Index | https://hub.zanzibaba.com/prices?category=TILES&region=ARU,market_price_index,2026-09-04,75.0,1,current_observation,A_market_index,current_price_reference
Gloss Oil Paint (4 L),paint,alkyd gloss enamel,tin_4L,Arusha,38000,,Zanzibaba Material Price Index | https://hub.zanzibaba.com/prices?category=PAINT&region=ARU,market_price_index,2026-09-04,75.0,1,current_observation,A_market_index,current_price_reference
Interior Emulsion (20 L),paint,matte emulsion,tin_20L,Arusha,105000,,Zanzibaba Material Price Index | https://hub.zanzibaba.com/prices?category=PAINT&region=ARU,market_price_index,2026-09-04,75.0,1,current_observation,A_market_index,current_price_reference
Undercoat Primer (4 L),paint,alkyd undercoat,tin_4L,Arusha,33000,,Zanzibaba Material Price Index | https://hub.zanzibaba.com/prices?category=PAINT&region=ARU,market_price_index,2026-09-04,75.0,1,current_observation,A_market_index,current_price_reference
Wall Sealer (4 L),paint,acrylic alkali sealer,tin_4L,Arusha,28000,,Zanzibaba Material Price Index | https://hub.zanzibaba.com/prices?category=PAINT&region=ARU,market_price_index,2026-09-04,75.0,1,current_observation,A_market_index,current_price_reference
Weather-guard Paint (20 L),paint,exterior emulsion,tin_20L,Arusha,145000,,Zanzibaba Material Price Index | https://hub.zanzibaba.com/prices?category=PAINT&region=ARU,market_price_index,2026-09-04,75.0,1,current_observation,A_market_index,current_price_reference
Wood Stain & Varnish (4 L),paint,oil-based stain + varnish,tin_4L,Arusha,50000,,Zanzibaba Material Price Index | https://hub.zanzibaba.com/prices?category=PAINT&region=ARU,market_price_index,2026-09-04,75.0,1,current_observation,A_market_index,current_price_reference
Corrugated Sheet 0.3 mm,roofing,0.3 mm galv corrugated,linear_m,Dar es Salaam,5000,,Zanzibaba Material Price Index | https://hub.zanzibaba.com/prices?category=ROOFING&region=DSM,market_price_index,2026-09-04,75.0,1,current_observation,A_market_index,current_price_reference
IBR Sheet 0.4 mm,roofing,0.4 mm galvanised IBR,linear_m,Dar es Salaam,6800,,Zanzibaba Material Price Index | https://hub.zanzibaba.com/prices?category=ROOFING&region=DSM,market_price_index,2026-09-04,75.0,1,current_observation,A_market_index,current_price_reference
IBR Sheet 0.5 mm,roofing,0.5 mm galvanised IBR,linear_m,Dar es Salaam,8500,,Zanzibaba Material Price Index | https://hub.zanzibaba.com/prices?category=ROOFING&region=DSM,market_price_index,2026-09-04,75.0,1,current_observation,A_market_index,current_price_reference
Ridge Cap 2 m,roofing,0.5 mm × 2 m,piece,Dar es Salaam,9500,,Zanzibaba Material Price Index | https://hub.zanzibaba.com/prices?category=ROOFING&region=DSM,market_price_index,2026-09-04,75.0,1,current_observation,A_market_index,current_price_reference
Roofing Nails 25 kg,roofing_accessory,75 mm twisted shank,box_25kg,Dar es Salaam,65000,,Zanzibaba Material Price Index | https://hub.zanzibaba.com/prices?category=ROOFING&region=DSM,market_price_index,2026-09-04,75.0,1,current_observation,A_market_index,current_price_reference
Stone-coated Roof Tile Sheet,roofing,1340×420 mm,sheet,Dar es Salaam,26000,,Zanzibaba Material Price Index | https://hub.zanzibaba.com/prices?category=ROOFING&region=DSM,market_price_index,2026-09-04,75.0,1,current_observation,A_market_index,current_price_reference
IBR Sheet 0.5 mm,roofing,0.5 mm galvanised IBR,linear_m,Arusha,9100,,Zanzibaba Material Price Index | https://hub.zanzibaba.com/prices,market_price_index,2026-09-04,75.0,1,current_observation,A_market_index,current_price_reference
Roofing Nails 25 kg,roofing_accessory,75 mm twisted shank,box_25kg,Arusha,70000,,Zanzibaba Material Price Index | https://hub.zanzibaba.com/prices,market_price_index,2026-09-04,75.0,1,current_observation,A_market_index,current_price_reference
Y32 Deformed Rebar,steel,Y32 × 12 m,piece,Dodoma,135000,,Zanzibaba Material Price Index | https://hub.zanzibaba.com/prices?category=REBARS,market_price_index,2026-09-04,75.0,1,current_observation,A_market_index,current_price_reference
AAC Aerated Block,masonry,AAC 600×200×200 mm,piece,Dodoma,5000,,Zanzibaba Material Price Index | https://hub.zanzibaba.com/prices,market_price_index,2026-09-04,75.0,1,current_observation,A_market_index,current_price_reference
Bulk Cement 42.5N,cement,OPC 42.5N,tonne,Zanzibar,430000,,Zanzibaba Material Price Index | https://hub.zanzibaba.com/prices?category=CEMENT,market_price_index,2026-09-04,75.0,1,current_observation,A_market_index,current_price_reference
Cement 32.5N,cement,32.5N,50kg_bag,Zanzibar,21000,,Zanzibaba Material Price Index | https://hub.zanzibaba.com/prices?category=CEMENT,market_price_index,2026-09-04,75.0,1,current_observation,A_market_index,current_price_reference
Cement 52.5N,cement,52.5N,50kg_bag,Zanzibar,26500,,Zanzibaba Material Price Index | https://hub.zanzibaba.com/prices?category=CEMENT,market_price_index,2026-09-04,75.0,1,current_observation,A_market_index,current_price_reference
White Cement,cement,"white, 25 kg",25kg_bag,Zanzibar,65000,,Zanzibaba Material Price Index | https://hub.zanzibaba.com/prices?category=CEMENT,market_price_index,2026-09-04,75.0,1,current_observation,A_market_index,current_price_reference
Binding Wire,rebar_accessory,1.6 mm × 25 kg,roll_25kg,Zanzibar,90000,,Zanzibaba Material Price Index | https://hub.zanzibaba.com/prices?category=REBARS,market_price_index,2026-09-04,75.0,1,current_observation,A_market_index,current_price_reference
Y12 Deformed Rebar,steel,Y12 × 12 m,piece,Zanzibar,21000,,Zanzibaba Material Price Index | https://hub.zanzibaba.com/prices?category=REBARS,market_price_index,2026-09-04,75.0,1,current_observation,A_market_index,current_price_reference
Y16 Deformed Rebar,steel,Y16 × 12 m,piece,Zanzibar,37500,,Zanzibaba Material Price Index | https://hub.zanzibaba.com/prices?category=REBARS,market_price_index,2026-09-04,75.0,1,current_observation,A_market_index,current_price_reference
Y20 Deformed Rebar,steel,Y20 × 12 m,piece,Zanzibar,50000,,Zanzibaba Material Price Index | https://hub.zanzibaba.com/prices?category=REBARS,market_price_index,2026-09-04,75.0,1,current_observation,A_market_index,current_price_reference
Y25 Deformed Rebar,steel,Y25 × 12 m,piece,Zanzibar,92000,,Zanzibaba Material Price Index | https://hub.zanzibaba.com/prices?category=REBARS,market_price_index,2026-09-04,75.0,1,current_observation,A_market_index,current_price_reference
BRC Mesh A142,brc_mesh,A142 (6 mm × 200 mm),sheet,Zanzibar,72000,,Zanzibaba Material Price Index | https://hub.zanzibaba.com/prices?category=BRC&region=ZNZ,market_price_index,2026-09-04,75.0,1,current_observation,A_market_index,current_price_reference
BRC Mesh A193,brc_mesh,A193 (7 mm × 200 mm),sheet,Zanzibar,98000,,Zanzibaba Material Price Index | https://hub.zanzibaba.com/prices?category=BRC&region=ZNZ,market_price_index,2026-09-04,75.0,1,current_observation,A_market_index,current_price_reference
BRC Mesh A252,brc_mesh,A252 (8 mm × 200 mm),sheet,Zanzibar,132000,,Zanzibaba Material Price Index | https://hub.zanzibaba.com/prices?category=BRC&region=ZNZ,market_price_index,2026-09-04,75.0,1,current_observation,A_market_index,current_price_reference
BRC Mesh A393,brc_mesh,A393 (10 mm × 200 mm),sheet,Zanzibar,198000,,Zanzibaba Material Price Index | https://hub.zanzibaba.com/prices?category=BRC&region=ZNZ,market_price_index,2026-09-04,75.0,1,current_observation,A_market_index,current_price_reference
BRC Mesh A98,brc_mesh,A98 (5 mm × 200 mm),sheet,Zanzibar,48000,,Zanzibaba Material Price Index | https://hub.zanzibaba.com/prices?category=BRC&region=ZNZ,market_price_index,2026-09-04,75.0,1,current_observation,A_market_index,current_price_reference
Dangote Cement 50kg,cement,50 kg,50kg_bag,Dar es Salaam,27500,Karibu Cement Ltd,Albertdeo Marketplace,supplier_marketplace,2026-09-02,70.0,1,current_listing,B_supplier_listing,current_price_reference
Steel Y12 Deformed Bars,steel,Y12 deformed bars,kg,Dar es Salaam,2150,Karibu Cement Ltd,Albertdeo Marketplace,supplier_marketplace,2026-09-02,70.0,1,current_listing,B_supplier_listing,current_price_reference
Concrete Blocks 6 inch,masonry,6 inch concrete block,piece,Dar es Salaam,1450,Karibu Cement Ltd,Albertdeo Marketplace,supplier_marketplace,2026-09-02,70.0,1,current_listing,B_supplier_listing,current_price_reference
